{"sections":{"1664785517f8d17b70":{"type":"slideshow","blocks":{"166478551717ec8e9c-0":{"type":"slide","settings":{"image":"shopify:\/\/shop_images\/coros-slide-image-1.jpg","heading":"CHAQUE SECOND COMPETE","heading_size":"h1","subheading":"Tell your brand's story through images","button_label":"COROS PACE 2","link":"","button_style_secondary":false,"box_align":"middle-left","show_text_box":true,"text_alignment":"center","image_overlay_opacity":0,"color_scheme":"background-1","text_alignment_mobile":"center"}},"166478551717ec8e9c-1":{"type":"slide","settings":{"image":"shopify:\/\/shop_images\/coros-slide-image-2.jpg","heading":"GPS ADVENTURE WATCH","heading_size":"h1","subheading":"ACHETER MAINTENANT","button_label":"COROS VERTIX 2","link":"","button_style_secondary":false,"box_align":"middle-left","show_text_box":true,"text_alignment":"center","image_overlay_opacity":0,"color_scheme":"accent-1","text_alignment_mobile":"center"}}},"block_order":["166478551717ec8e9c-0","166478551717ec8e9c-1"],"settings":{"layout":"full_bleed","slide_height":"adapt_image","slider_visual":"counter","auto_rotate":false,"change_slides_speed":5,"show_text_below":true,"accessibility_info":"Slideshow about our brand"}},"rich_text":{"type":"rich-text","blocks":{"heading":{"type":"heading","settings":{"heading":"<p>Talk about your brand<\/p>","heading_size":"h1"}},"text":{"type":"text","settings":{"text":"<p>Share information about your brand with your customers. Describe a product, make announcements, or welcome customers to your store.<\/p>"}}},"block_order":["heading","text"],"settings":{"desktop_content_position":"center","content_alignment":"center","color_scheme":"background-1","full_width":true,"padding_top":40,"padding_bottom":0}},"featured_collection":{"type":"featured-collection","settings":{"title":"Featured products","heading_size":"h2","description":"","show_description":false,"description_style":"body","collection":"all","products_to_show":8,"columns_desktop":4,"full_width":false,"show_view_all":true,"view_all_style":"solid","enable_desktop_slider":false,"color_scheme":"background-1","image_ratio":"adapt","show_secondary_image":true,"show_vendor":false,"show_rating":false,"enable_quick_add":false,"columns_mobile":"2","swipe_on_mobile":false,"padding_top":28,"padding_bottom":36}},"collage":{"type":"collage","blocks":{"collection-0":{"type":"collection","settings":{"collection":""}},"product":{"type":"product","settings":{"product":"","second_image":false}},"collection-1":{"type":"collection","settings":{"collection":""}}},"block_order":["collection-0","product","collection-1"],"settings":{"heading":"Multimedia collage","heading_size":"h2","desktop_layout":"left","mobile_layout":"collage","card_styles":"product-card-wrapper","color_scheme":"background-1","padding_top":36,"padding_bottom":36}},"video":{"type":"video","settings":{"heading":"","heading_size":"h1","video_url":"https:\/\/www.youtube.com\/watch?v=_9VUPq3SxOc","description":"","full_width":false,"color_scheme":"background-1","padding_top":36,"padding_bottom":36}},"multicolumn":{"type":"multicolumn","blocks":{"column1":{"type":"column","settings":{"title":"Column","text":"<p>Pair text with an image to focus on your chosen product, collection, or blog post. Add details on availability, style, or even provide a review.<\/p>","link_label":"","link":""}},"column2":{"type":"column","settings":{"title":"Column","text":"<p>Pair text with an image to focus on your chosen product, collection, or blog post. Add details on availability, style, or even provide a review.<\/p>","link_label":"","link":""}},"column3":{"type":"column","settings":{"title":"Column","text":"<p>Pair text with an image to focus on your chosen product, collection, or blog post. Add details on availability, style, or even provide a review.<\/p>","link_label":"","link":""}}},"block_order":["column1","column2","column3"],"settings":{"title":"","heading_size":"h1","image_width":"third","image_ratio":"adapt","columns_desktop":3,"column_alignment":"center","background_style":"none","button_label":"","button_link":"","color_scheme":"background-1","columns_mobile":"1","swipe_on_mobile":false,"padding_top":36,"padding_bottom":36}}},"order":["1664785517f8d17b70","rich_text","featured_collection","collage","video","multicolumn"]}